"official_id";"last_name";"first_name";"phone_number";"departure_location"
1;"Marlow";"Christopher";"2400000000";"Woodlawn"
2;"Marlow";"Tony";"2400000000";"Gaithersburg"
3;"Dorsey";"David";"2400000000";"Germantown"
4;"Duncan";"Debbie";"3010000000";"Frederick"
5;"Kennedy";"Diane";"3010000000";"Germantown"
6;"Webster";"Mo";"4100000000";"Rockville"
7;"Davis";"Duck";"4430000000";"Gaithersburg"
8;"Williams";"Shammond";"5080000000";"North Carloina"
9;"Cota";"Ed";"5080000000";"North Carloina"
10;"Drexler";"Clyde";"2130000000";"Houston"
13;"Bundy";"Peggy";"0000000000";"Chicago"
